"University Name","Root Domain","Financial Data Page","Example Direct PDF Link","Notes"
"University of Oxford","www.ox.ac.uk","https://staff.admin.ox.ac.uk/article/universitys-annual-report-and-accounts-published","https://www.ox.ac.uk/sites/files/oxford/University_of_Oxford_Financial_Statements_2023-24.pdf","The main page often links to a news item announcing the latest release."
"University of Cambridge","www.cam.ac.uk","https://www.finance.admin.cam.ac.uk/about/annual-accounts","https://www.finance.admin.cam.ac.uk/sites/www.finance.admin.cam.ac.uk/files/uoc_reports_and_financial_statements_2024_0.pdf","Contains an archive of reports dating back several years."
"Imperial College London","www.imperial.ac.uk","https://www.imperial.ac.uk/about/leadership-and-strategy/annual-report/","https://www.imperial.ac.uk/media/imperial-college/administration-and-support-services/finance/public/Annual-Report-2023-24-web.pdf","The page includes an archive of past reports."
"University College London (UCL)","www.ucl.ac.uk","https://www.ucl.ac.uk/finance/about-us/finance-related-strategies-reports-and-statements","https://www.ucl.ac.uk/finance/file/4195","Contains financial strategy documents and tax strategies."
"London School of Economics (LSE)","www.lse.ac.uk","https://info.lse.ac.uk/staff/divisions/Finance-Division/annual-accounts/financial-statements","https://info.lse.ac.uk/staff/divisions/Finance-Division/Assets/Documents/Annual-Accounts/Financial-Statements-2023-24.pdf","Archive available back to 2001."
"University of Edinburgh","www.ed.ac.uk","https://uoe-finance.ed.ac.uk/accounts","https://uoe-finance.ed.ac.uk/sites/default/files/2025-01/ARA%2024.pdf","Narrative content is also available in HTML format on the site."
"King's College London","www.kcl.ac.uk","https://www.kcl.ac.uk/about/governance-policies-and-procedures/financial-information","https://www.kcl.ac.uk/assets/aboutkings/pdf/statements/financial-statements-2023-24.pdf","Includes tax strategy and trade union facility time data."
"University of Manchester","www.manchester.ac.uk","https://www.manchester.ac.uk/investors/","https://documents.manchester.ac.uk/display.aspx?DocID=74272","Provides a clear list of PDFs for the last decade."
"University of Bristol","www.bristol.ac.uk","https://www.bristol.ac.uk/directory/finance/about/annual-reports-and-financial-statements/","https://www.bristol.ac.uk/media-library/sites/finance/documents/annual-report-and-financial-statements-2024.pdf","Includes an overview of the institution's performance."
"University of Glasgow","www.gla.ac.uk","https://www.gla.ac.uk/myglasgow/finance/financialstatements/","https://www.gla.ac.uk/media/Media_1065783_smxx.pdf","Simple directory of PDF links."
"University of Warwick","www.warwick.ac.uk","https://warwick.ac.uk/services/finance/resources/accounts/","https://warwick.ac.uk/services/finance/resources/accounts/2023-24_financial_statements.pdf","Includes an archive of accounts."
"Durham University","www.durham.ac.uk","https://www.durham.ac.uk/about-us/professional-services/finance/financial-statements/","https://www.durham.ac.uk/media/durham-university/professional-services/finance-service/7724_DU_Annual_Report_2024_Accessible_Final_V2.pdf","Found within the Professional Services section."
"University of Sheffield","www.sheffield.ac.uk","https://sheffield.ac.uk/finance/annual-report-financial-statements","https://www.sheffield.ac.uk/media/56576/download?attachment","Offers downloads from 2000 to present."
"University of Birmingham","www.birmingham.ac.uk","https://www.birmingham.ac.uk/university/about/annual-accounts.aspx","https://www.birmingham.ac.uk/documents/university/annual-accounts/2023-2024-financial-statements.pdf","Page includes 'Financial Statement' PDFs."
"University of Leeds","www.leeds.ac.uk","https://finance.leeds.ac.uk/key-information/","https://finance.leeds.ac.uk/wp-content/uploads/sites/68/2024/11/University-of-Leeds-Annual-Report-and-Accounts-2023-24.pdf","Located under the Finance service pages."
"University of Nottingham","www.nottingham.ac.uk","https://www.nottingham.ac.uk/fabs/finance/services/financialstatements/financialstatements.aspx","https://www.nottingham.ac.uk/fabs/finance/documents/financial-statements-2023-24.pdf","Includes 'Global Reviews' and financial data."
"University of Southampton","www.southampton.ac.uk","https://www.southampton.ac.uk/finance/services/financial-statements.page","https://www.southampton.ac.uk/~assets/doc/finance/financial-statements-2023-24.pdf","Lists statements from 2014 onwards."
"University of Exeter","www.exeter.ac.uk","https://www.exeter.ac.uk/departments/finance/aboutus/financialstatements/","https://www.exeter.ac.uk/media/universityofexeter/financeservices/pdfs/financialstatements/University_of_Exeter_Financial_Statements_2023-24.pdf","Also includes student finance summaries."
"University of York","www.york.ac.uk","https://www.york.ac.uk/staff/essentials/communications-marketing-brand/brand/corporate-publications/","https://www.york.ac.uk/media/staffhome/marketing/corporatepublications/annualreport/Annual-Report-Financial-Statements-2024.pdf","Listed under staff essentials/communications."
"Queen Mary University of London","www.qmul.ac.uk","https://www.qmul.ac.uk/governance-and-legal-services/governance/council/council-archive/","https://www.qmul.ac.uk/governance-and-legal-services/media/arcs/governance/council/council-archive/2023-24/2023-11-23/QM2023-23-Audited-financial-statements.pdf","Often found within Governance/Council archives."
"University of St Andrews","www.st-andrews.ac.uk","https://www.st-andrews.ac.uk/staff/money/financialstatements","https://www.st-andrews.ac.uk/assets/university/staff/documents/financial-statements/2023-24-financial-statements.pdf","Page requires navigating via staff/money section."
"University of Bath","www.bath.ac.uk","https://www.bath.ac.uk/corporate-information/consolidated-financial-statements-2023-24/","https://www.bath.ac.uk/publications/consolidated-financial-statements-2023-24/attachments/consolidated-financial-statements-2023-24.pdf","Detailed web page summary with PDF attachment."
"Lancaster University","www.lancaster.ac.uk","https://www.lancaster.ac.uk/finance/financial-statements/","https://www.lancaster.ac.uk/media/lancaster-university/content-assets/documents/finance/financial-statements/FinancialStatements2024.pdf","Archive available back to 2017."
"Cardiff University","www.cardiff.ac.uk","https://www.cardiff.ac.uk/public-information/corporate-information/financial-information","https://www.cardiff.ac.uk/__data/assets/pdf_file/0005/2792264/CU_AnnualReport2023.pdf","Includes investment portfolio information."
"University of Liverpool","www.liverpool.ac.uk","https://www.liverpool.ac.uk/professional-services/finance/","https://www.liverpool.ac.uk/media/livacuk/finance/financialstatements/Financial,Statements,2023-24.pdf","Located under Professional Services."
"Newcastle University","www.ncl.ac.uk","https://www.ncl.ac.uk/who-we-are/structure/transparency/","https://www.ncl.ac.uk/mediav8/freedom-of-information/files/23%20NU%20-%20Final%20signed%20accounts.pdf","'Transparency' page links to the full reports."
"Queen's University Belfast","www.qub.ac.uk","https://www.qub.ac.uk/directorates/FinanceDirectorate/visitors/financial-statements/","https://www.qub.ac.uk/directorates/FinanceDirectorate/FileStore/Filetoupload,1973052,en.pdf","Managed by the Finance Directorate."
"Loughborough University","www.lboro.ac.uk","https://www.lboro.ac.uk/services/finance/visitors/statements/","https://www.lboro.ac.uk/media/media/services/finance/assets/documents/Financial%20Statements%202023-24%20-%20Signed.pdf","Includes ethical investment policy."
"University of Aberdeen","www.abdn.ac.uk","https://www.abdn.ac.uk/staffnet/working-here/finance/annual-report--accounts/","https://www.abdn.ac.uk/staffnet/documents/Annual_Report_and_Accounts_2024.pdf","The main page is hosted on the 'StaffNet' section but is publicly accessible."
"University of Strathclyde","www.strath.ac.uk","https://www.strath.ac.uk/professionalservices/finance/generalinformation/financialstatements/","https://www.strath.ac.uk/media/ps/finance/financialstatements/Annual_Accounts_2023-24.pdf","Archive of accounts available back to 2008."
"University of Surrey","www.surrey.ac.uk","https://www.surrey.ac.uk/about/management/financial-statements","https://www.surrey.ac.uk/sites/default/files/2024-11/university-of-surrey-annual-report-and-financial-statements-2023-24.pdf","Includes a section on executive board expenses."
"University of Essex","www.essex.ac.uk","https://www1.essex.ac.uk/documents/financial-statements/2023-24/default.aspx","https://www1.essex.ac.uk/documents/financial-statements/2023-24/financial-statements-2023-24.pdf","The page provides a digital summary alongside the PDF download."
"Brunel University London","www.brunel.ac.uk","https://www.brunel.ac.uk/about/information/financial-statements","https://www.brunel.ac.uk/about/documents/pdf/financial-statements/Financial-Statements-2023-24.pdf","Lists reports from the last decade."
"Aston University","www.aston.ac.uk","https://www.aston.ac.uk/about/statutes-ordinances-regulations/publication-scheme/governance-compliance/annual-statements","https://www.aston.ac.uk/sites/default/files/2024-11/annual-statement-2023-2024.pdf","Located under Governance and Compliance."
"SOAS University of London","www.soas.ac.uk","https://www.soas.ac.uk/about/governance/financial-information","https://www.soas.ac.uk/sites/default/files/2024-11/Financial-statements-2023-24.pdf","Includes archived reports back to 2012."
"University of Stirling","www.stir.ac.uk","https://www.stir.ac.uk/about/professional-services/finance-office/financial-statements/","https://www.stir.ac.uk/media/stirling/services/finance/documents/financial-statements/Financial-statement-2023-24.pdf","Managed by the Finance Office professional services team."
"Heriot-Watt University","www.hw.ac.uk","https://www.hw.ac.uk/about/profile/publications","https://www.hw.ac.uk/documents/annual-report-accounts-2024.pdf","The landing page also hosts the university's strategic plan."
"Manchester Metropolitan University","www.mmu.ac.uk","https://www.mmu.ac.uk/about-us/professional-services/finance-and-procurement/financial-statement","https://www.mmu.ac.uk/sites/default/files/2024-11/Annual-Report-and-Financial-Statements-2023-24.pdf","Includes a 'Value for Money' statement."
"University of Reading","www.reading.ac.uk","https://www.reading.ac.uk/finance/university-accounts","https://www.reading.ac.uk/web/files/finance/Financial_Statements_2023-24.pdf","Also includes details on endowment fund valuations."
"Royal Holloway, Univ. of London","www.royalholloway.ac.uk","https://www.royalholloway.ac.uk/about-us/more/financial-information/","https://intranet.royalholloway.ac.uk/staff/assets/docs/pdf/finance/financial-statements-2023-24.pdf","Provides a breakdown of income sources on the landing page."
"University of Leicester","www.le.ac.uk","https://le.ac.uk/finance/financial-statements","https://le.ac.uk/-/media/uol/docs/finance/financial-statements-2023-24.pdf","Archive available back to 2009."
"University of Kent","www.kent.ac.uk","https://www.kent.ac.uk/finance/financial-statements","https://media.www.kent.ac.uk/se/9780/financial-statements-2023-2024.pdf","Simple directory listing of PDF files."
"Swansea University","www.swansea.ac.uk","https://www.swansea.ac.uk/finance/financial-statements/","https://www.swansea.ac.uk/media/Annual-Report-and-Financial-Statements-2023-24.pdf","Bilingual (Welsh/English) reports are usually available."
"University of East Anglia (UEA)","www.uea.ac.uk","https://www.uea.ac.uk/about/financial-statements","https://www.uea.ac.uk/documents/20142/0/Financial+Statements+2023-24.pdf","Located under the 'About' section."
"University of Dundee","www.dundee.ac.uk","https://www.dundee.ac.uk/corporate-information/financial-statements","https://www.dundee.ac.uk/corporate/Financial_Statements_2024.pdf","Includes a summary of the financial strategy."
"University of Hull","www.hull.ac.uk","https://www.hull.ac.uk/about/governance/annual-report","https://www.hull.ac.uk/editor-assets/docs/annual-report-and-financial-statements-2023-24.pdf","Found in the Governance section."
"Ulster University","www.ulster.ac.uk","https://www.ulster.ac.uk/finance/financial-statements","https://www.ulster.ac.uk/__data/assets/pdf_file/0003/1567407/Financial-Statements-2023-24.pdf","Northern Ireland's largest university."
"Aberystwyth University","www.aber.ac.uk","https://www.aber.ac.uk/en/finance/financial-statements/","https://www.aber.ac.uk/en/media/departmental/finance/financialstatements/Financial-Statements-2023-24.pdf","Includes historical data back to 1996."
"Birkbeck, University of London","www.bbk.ac.uk","https://www.bbk.ac.uk/professional-services/finance/financial-statements","https://www.bbk.ac.uk/downloads/financial-statements/2023-24-financial-statements.pdf","Notes that statements are published every autumn."
"Keele University","www.keele.ac.uk","https://www.keele.ac.uk/finance/accounts/","https://www.keele.ac.uk/media/keeleuniversity/finance/accounts/Statement%20of%20Accounts%202023-2024.pdf","The page also lists insurance and fraud policies."
"Oxford Brookes University","www.brookes.ac.uk","https://www.brookes.ac.uk/about-brookes/structure-and-governance/financial-statements","https://www.brookes.ac.uk/getmedia/financial-statements-2023-24.pdf","Found under Structure and Governance."
"University of Plymouth","www.plymouth.ac.uk","https://www.plymouth.ac.uk/about-us/university-governance/annual-report-and-accounts","https://www.plymouth.ac.uk/uploads/production/document/path/23/23678/Annual_Report_and_Accounts_2024.pdf","Includes modern slavery statements."
"University of Portsmouth","www.port.ac.uk","https://www.port.ac.uk/about-us/structure-and-governance/financial-statements","https://www.port.ac.uk/-/media/files/financial-statements/financial-statements-2023-24.pdf","Archive available back to 2012."
"University of Sussex","www.sussex.ac.uk","https://www.sussex.ac.uk/finance/","https://www.sussex.ac.uk/webteam/gateway/file.php?name=university-of-sussex-consolidated-financial-statements-2024.pdf&site=262","The Finance Division page acts as the central hub for resources and regulations."
"Northumbria University","www.northumbria.ac.uk","https://www.northumbria.ac.uk/about-us/financial-performance/financial-statements/","https://www.northumbria.ac.uk/mediav8/freedom-of-information/files/24%20NU%20-%20Final%20signed%20accounts.pdf","Includes a clear list of annual reports dating back to 2011."
"University of the Arts London (UAL)","www.arts.ac.uk","https://www.arts.ac.uk/about-ual/strategy-and-governance/annual-reports","https://www.arts.ac.uk/__data/assets/pdf_file/0034/448828/UAL-Annual-Report-and-Accounts-2023-24.pdf","Page includes annual reports and ethnicity pay gap data."
"University of Westminster","www.westminster.ac.uk","https://www.westminster.ac.uk/about-us/our-university/corporate-information/policies-and-documents-a-z/annual-reporting","https://www.westminster.ac.uk/sites/default/media_files/Financial-Statements-2024.pdf","Also lists gender pay gap and sustainability reports."
"Sheffield Hallam University","www.shu.ac.uk","https://www.shu.ac.uk/about-us/governance-and-strategy/university-performance","https://www.shu.ac.uk/-/media/home/about-us/governance-and-strategy/university-performance/shu_financial_statements_2023_final_signed.pdf","Recent reports may also be found via the 'Governance and Strategy' section."
"Liverpool John Moores University","www.ljmu.ac.uk","https://www.ljmu.ac.uk/about-us/public-information/financial-information","https://www.ljmu.ac.uk/~/media/files/ljmu/about-us/public-information/financial-information/financial-statements-2022-23.pdf","Contains statements from 2014 onwards."
"Bangor University","www.bangor.ac.uk","https://www.bangor.ac.uk/annual-report","https://www.bangor.ac.uk/sites/default/files/2024-02/Financial%20Statements%2022-23_0.pdf","Includes transparency statements on how fees are spent."
"University of Brighton","www.brighton.ac.uk","https://www.brighton.ac.uk/about-us/structure-and-governance/financial-statements/index.aspx","https://www.brighton.ac.uk/_pdf/about-us/structure-and-governance/financial-statements/financial-statements-2022-23.pdf","Located under Structure and Governance."
"Goldsmiths, Univ. of London","www.gold.ac.uk","https://www.gold.ac.uk/governance/financial-reports/","https://www.gold.ac.uk/media/docs/governance/Financial-Statements-2023-24.pdf","Provides a detailed breakdown of income and expenditure on the landing page."
"University of Hertfordshire","www.herts.ac.uk","https://www.herts.ac.uk/about-us/our-leadership-strategy-and-plans/corporate-publications","https://www.herts.ac.uk/__data/assets/pdf_file/0010/386290/Strategic-Report-and-Financial-Statements-2023-24.pdf","Includes the 'Powering Impact Report'."
"University of Greenwich","www.gre.ac.uk","https://www.gre.ac.uk/about-us/governance/finances","https://docs.gre.ac.uk/__data/assets/pdf_file/0023/336308/financial-statements-2022-23.pdf","Page includes a link to the 'Modern Slavery Statement'."
"Middlesex University","www.mdx.ac.uk","https://www.mdx.ac.uk/about-us/corporate-documents","https://www.mdx.ac.uk/__data/assets/pdf_file/0024/706560/MDX_Financial-Statements_22_23_Stage-35_Accessible-version_April-2024.pdf","Accessible versions of the documents are prioritised."
"Kingston University","www.kingston.ac.uk","https://www.kingston.ac.uk/about/governance/legal-framework","https://www.kingston.ac.uk/about/governance/legal-framework/documents/financial-statements-2023-2024.pdf","The financial statement is listed under the governance section."
"University of Salford","www.salford.ac.uk","https://www.salford.ac.uk/corporate-information/university-finances","https://www.salford.ac.uk/sites/default/files/2024-12/financial-statements-2023-24.pdf","Offers a 'Finances at a Glance' summary."
"University of Huddersfield","www.hud.ac.uk","https://www.hud.ac.uk/about/governance/financial-statements/","https://www.hud.ac.uk/media/assets/document/about/financialstatements/FinancialStatements2023.pdf","Audited by independent external auditors."
"University of Lincoln","www.lincoln.ac.uk","https://finance.blogs.lincoln.ac.uk/financial-statements/","https://finance.blogs.lincoln.ac.uk/files/2024/11/Financial-Statements-2023-24.pdf","Archive available electronically from 2008/09."
"University of Bradford","www.bradford.ac.uk","https://www.bradford.ac.uk/about/legal-and-governance/policies-statements/financial-statements/","https://www.bradford.ac.uk/about/legal-and-governance/policies-statements/financial-statements/Annual-Report-and-Financial-Statements-2023-24.pdf","Listed under 'Legal and Governance'."
"Coventry University","www.coventry.ac.uk","https://www.coventry.ac.uk/the-university/financial-information/","https://www.coventry.ac.uk/globalassets/media/global/08-new-about-us/financial-statements/financial-statements-2023.pdf","Includes information on the capital programme."
"Nottingham Trent University","www.ntu.ac.uk","https://www.ntu.ac.uk/about-us/governance/financial-information","https://www.ntu.ac.uk/__data/assets/pdf_file/0034/1879333/Financial-Statement-2024.pdf","Includes financial infographics."
"University of West London","www.uwl.ac.uk","https://www.uwl.ac.uk/about-us/finance-and-insurance","https://www.uwl.ac.uk/sites/default/files/2024-02/Annual_Report_and_Financial_Statements_2022-23.pdf","Includes a clear list of legacy reports."
"De Montfort University","www.dmu.ac.uk","https://www.dmu.ac.uk/about-dmu/governance/financial-information/financial-information.aspx","https://www.dmu.ac.uk/documents/about-dmu-documents/governance/financial-information/financial-statements-2022-23.pdf","Provides statements for the last five years."
"Glasgow Caledonian University","www.gcu.ac.uk","https://www.gcu.ac.uk/aboutgcu/governance/financialstatements","https://www.gcu.ac.uk/__data/assets/pdf_file/0031/119938/GCU-Financial-Statements-2022-23-Signed.pdf","Scotland-based modern university."
"UWE Bristol","www.uwe.ac.uk","https://www.uwe.ac.uk/about/structure-and-governance/financial-information","https://www.uwe.ac.uk/-/media/uwe/documents/about/structure-and-governance/financial-information/financial-statements-2023-24.pdf","Distinction: 'University of the West of England', separate from Univ. of Bristol."
"City St George's, University of London","www.city.ac.uk","https://www.city.ac.uk/about/governance/finance/financial-statements","https://www.city.ac.uk/__data/assets/pdf_file/0011/799670/Financial-Statements-2023-24.pdf","Recently merged institution; financial data may reflect the pre-merger entity."
"Anglia Ruskin University (ARU)","www.aru.ac.uk","https://www.aru.ac.uk/about-us/governance/annual-report-and-accounts","https://www.aru.ac.uk/-/media/files/corporate-documents/annual-report-and-accounts-2023-24.pdf","Page also lists 'Impact Statements'."
"Bournemouth University","www.bournemouth.ac.uk","https://www.bournemouth.ac.uk/about/governance/financial-statements","https://www.bournemouth.ac.uk/sites/default/files/asset/document/Financial-Statements-2023-24.pdf","Includes a clear archive of past statements."
"University of Sunderland","www.sunderland.ac.uk","https://www.sunderland.ac.uk/about/corporate/financial-statements/","https://www.sunderland.ac.uk/more/services-and-support/finance/financial-statements/Financial-Statements-2022-23.pdf","Also publishes an EDI Annual Report."
"University of Central Lancashire (UCLan)","www.uclan.ac.uk","https://www.uclan.ac.uk/corporate-information/financial-statements","https://www.uclan.ac.uk/assets/docs/financial-statements-2023.pdf","Listed under Corporate Information."
"Leeds Beckett University","www.leedsbeckett.ac.uk","https://www.leedsbeckett.ac.uk/about-us/governance/financial-information/","https://www.leedsbeckett.ac.uk/-/media/files/our-university/financial-statements/financial-statements-2022-23.pdf","Includes detailed strategic and operational reviews."
"Birmingham City University","www.bcu.ac.uk","https://www.bcu.ac.uk/about-us/corporate-information/annual-report","https://www.bcu.ac.uk/media-assets/media/files/about-us/corporate-information/financial-statements-2023-24.pdf","Found in the 'About Us' section."
"University of Wolverhampton","www.wlv.ac.uk","https://www.wlv.ac.uk/about-us/governance/financial-statements/","https://www.wlv.ac.uk/media/departments/office-of-the-vice-chancellor/documents/Financial-Statements-2022-23-FINAL-SIGNED.pdf","Archive available back to 2008."
"University of Derby","www.derby.ac.uk","https://www.derby.ac.uk/about/governance/financial-statements/","https://www.derby.ac.uk/media/derbyacuk/contentassets/documents/aboutus/financial-statements/Derby-University-Consolidated-Financial-Statements-Year-Ended-31-July-2024-(Signed).pdf","Also lists subcontractor payment data."
"Staffordshire University","www.staffs.ac.uk","https://www.staffs.ac.uk/about/governance/financial-statements","https://www.staffs.ac.uk/about/governance/financial-statements/financial-statements-2022-23.pdf","Published as an 'Annual Review and Financial Statement'."
"London Metropolitan University","www.londonmet.ac.uk","https://www.londonmet.ac.uk/about/corporate-information/finance/","https://www.londonmet.ac.uk/media/london-metropolitan-university/london-met-documents/professional-service-departments/finance/financial-statements/London-Metropolitan-University-Annual-Report-and-Accounts-31-July-2023_Signed.pdf","Includes subsidiary company accounts."
"University of East London (UEL)","www.uel.ac.uk","https://www.uel.ac.uk/about/professional-services/finance","https://www.uel.ac.uk/sites/default/files/2023-12/uel-annual-report-financial-statements-2022-23.pdf","Managed by the 'Income and Credit Control' team."
"London South Bank University","www.lsbu.ac.uk","https://www.lsbu.ac.uk/about-us/professional-services/finance-procurement","https://www.lsbu.ac.uk/__data/assets/pdf_file/0019/374032/financial-statements-2023.pdf","Page also details executive expenses."
"University of Roehampton","www.roehampton.ac.uk","https://www.roehampton.ac.uk/corporate-information/finance/","https://www.roehampton.ac.uk/globalassets/documents/corporate-information/finance/annual-report-and-financial-statements-2022-23.pdf","Includes Trade Union Facility Time reports."
"University of Chester","www.chester.ac.uk","https://www.chester.ac.uk/about/facts-figures/financial-statements/","https://www.chester.ac.uk/media/media/documents/Financial_Statements_for_Year_Ended_31_July_2023_-_Signed.pdf","Archive available back to 2007."
"Edge Hill University","www.edgehill.ac.uk","https://www.edgehill.ac.uk/about/governance/financial-statements/","https://www.edgehill.ac.uk/wp-content/uploads/documents/2023-Financial-Statements-Edge-Hill-University-KPMG-Signed.pdf","Includes key performance indicators in the report."
"University of Winchester","www.winchester.ac.uk","https://www.winchester.ac.uk/about-us/leadership-and-governance/public-documents/","https://www.winchester.ac.uk/media/content-assets/documents/Annual-Report-and-Financial-Statements-2023-24.pdf","Found under 'Leadership and Governance'."
"University of Chichester","www.chi.ac.uk","https://www.chi.ac.uk/about-us/policies-and-statements/finance/","https://www.chi.ac.uk/app/uploads/2024/12/Annual-Report-and-Financial-Statements-2023-24.pdf","Maintains an archive of annual reports."
"Robert Gordon University","www.rgu.ac.uk","https://www.rgu.ac.uk/about/financial-information-statements","https://www.rgu.ac.uk/images/about/finance/RGU_Annual_Report__Financial_Statements_-_Year_Ending_31_July_2024.pdf","Includes senior management expenses."
"Edinburgh Napier University","www.napier.ac.uk","https://www.napier.ac.uk/about-us/university-governance/financial-statements","https://www.napier.ac.uk/~/media/napiersite/files/aboutus/university-court/financial-statements/napier-university-financial-statements-2023.pdf","Lists court minutes alongside financial data."
"Falmouth University","www.falmouth.ac.uk","https://www.falmouth.ac.uk/corporate-information/finance","https://www.falmouth.ac.uk/sites/default/files/stream/falmouth_university_annual_report_and_accounts_for_the_year_ended_31_july_2023_signed.pdf","Specialist arts institution in Cornwall."
"Arts University Bournemouth","www.aub.ac.uk","https://aub.ac.uk/legal/financial-statements","https://aub.ac.uk/media/AUB-Financial-Statements-Year-Ended-31-July-2023.pdf","Page includes 'Public Benefit Statement'."
"University of Gloucestershire","www.glos.ac.uk","https://www.glos.ac.uk/information/financial-statements/","https://www.glos.ac.uk/information/wp-content/uploads/2024/01/financial-statements-2022-2023.pdf","Includes Trade Union facility time data."
"University of Worcester","www.worcester.ac.uk","https://www.worcester.ac.uk/about/financial-information/","https://www.worcester.ac.uk/documents/financial-statements-2022-23.pdf","Also lists the university's tax strategy."
"The Open University","www.open.ac.uk","https://www.open.ac.uk/about/main/strategy-and-policies/annual-report","https://www.open.ac.uk/about/main/sites/www.open.ac.uk.about.main/files/files/Annual-Report-and-Accounts-2024.pdf","The UK's largest academic institution by student number (distance learning)."
"Cranfield University","www.cranfield.ac.uk","https://www.cranfield.ac.uk/about/governance/annual-report-and-accounts","https://www.cranfield.ac.uk/-/media/files/annual-report-and-accounts-2024.pdf","A specialist postgraduate-only university."
"Teesside University","www.tees.ac.uk","https://www.tees.ac.uk/sections/about/corporate_info/financial_statements.cfm","https://www.tees.ac.uk/docs/DocRepo/Corporate%20info/Financial_Statements/Teesside_University_Annual_Report_and_Accounts_2023-24.pdf","Lists reports dating back to 2005."
"University of South Wales","www.southwales.ac.uk","https://www.southwales.ac.uk/about/financial-statements","https://www.southwales.ac.uk/media/files/University_of_South_Wales_Group_Annual_Report_and_Accounts_2022-2023.pdf","Formed from the merger of Glamorgan and Newport."
"Cardiff Metropolitan University","www.cardiffmet.ac.uk","https://www.cardiffmet.ac.uk/about/structureandgovernance/Pages/Annual-Report-and-Financial-Statements.aspx","https://www.cardiffmet.ac.uk/about/structureandgovernance/Documents/Annual%20Report%20Financial%20Statements%202022-23.pdf","Includes specific reports on carbon management."
"University of the West of Scotland","www.uws.ac.uk","https://www.uws.ac.uk/about-uws/services-for-staff/finance/financial-statements/","https://www.uws.ac.uk/media/9682/financial-statements-2023-24.pdf","Multi-campus university in western Scotland."
"University of Northampton","www.northampton.ac.uk","https://www.northampton.ac.uk/about-us/governance-and-management/financial-statements/","https://www.northampton.ac.uk/wp-content/uploads/2024/02/Financial-Statements-2023-Final-Signed.pdf","Located on the new Waterside Campus."
"University of Bedfordshire","www.beds.ac.uk","https://www.beds.ac.uk/about-us/corporate-information/financial-information/","https://www.beds.ac.uk/media/2yob5g4d/uob-financial-statements-22-23-final-signed.pdf","Provides a clear archive of PDFs."
"Canterbury Christ Church University","www.canterbury.ac.uk","https://www.canterbury.ac.uk/about-us/policies-and-procedures/finance-and-procurement/financial-statements","https://www.canterbury.ac.uk/contentassets/e148099b1e0f4d76a33000d2767b7302/signed-financial-statements-2022-23.pdf","Includes the 'Prevent Duty' annual report."
"Solent University","www.solent.ac.uk","https://www.solent.ac.uk/about/corporate-information/financial-information","https://www.solent.ac.uk/about/documents/corporate-publications/financial-statements-2023.pdf","Based in Southampton, distinct from Univ. of Southampton."
"University of Cumbria","www.cumbria.ac.uk","https://www.cumbria.ac.uk/about/organisation/professional-services/finance/financial-statements/","https://www.cumbria.ac.uk/media/university-of-cumbria-website/content-assets/public/finance/documents/Annual-Report-and-Financial-Statements-2022-23.pdf","Multi-campus institution including sites in the Lake District."
"Buckinghamshire New University","www.bucks.ac.uk","https://www.bucks.ac.uk/about-us/governance-and-policies/official-documents/financial-statements","https://www.bucks.ac.uk/sites/default/files/2024-01/Financial%20statements%202022-23.pdf","Often referred to as BNU."
"York St John University","www.yorksj.ac.uk","https://www.yorksj.ac.uk/about-us/governance-and-management/financial-statements/","https://www.yorksj.ac.uk/media/content-assets/corporate-services/finance/documents/Annual-Report-and-Financial-Statements-31-July-2023.pdf","Distinct from the University of York."
"Liverpool Hope University","www.hope.ac.uk","https://www.hope.ac.uk/aboutus/governance/financialinformation/","https://www.hope.ac.uk/media/governance/financialstatements/Consolidated%20Financial%20Statements%20Year%20Ended%2031%20July%2023.pdf","Ecumenical Christian foundation."
"Royal Veterinary College (RVC)","www.rvc.ac.uk","https://www.rvc.ac.uk/about/the-rvc/governance-policy-and-legal/financial-statements","https://www.rvc.ac.uk/Media/Default/About/Governance%20Policy%20and%20Legal/RVC-annual-report-2022-23-signed.pdf","Part of the University of London."
"Harper Adams University","www.harper-adams.ac.uk","https://www.harper-adams.ac.uk/general/governance/financial-statements","https://www.harper-adams.ac.uk/general/governance/files/financial-statements/Financial-Statements-2022-23.pdf","Specialist agricultural university."
"Royal Agricultural University","www.rau.ac.uk","https://www.rau.ac.uk/about/organisation/public-information/financial-statements","https://www.rau.ac.uk/sites/default/files/2024-01/RAU%20Financial%20Statements%202022-23.pdf","Based in Cirencester; formerly the Royal Agricultural College."
"Abertay University","www.abertay.ac.uk","https://www.abertay.ac.uk/about/governance/financial-statements/","https://www.abertay.ac.uk/media/5k4l5b5d/annual-report-financial-statements-2023.pdf","Located in Dundee, known for video game design."
"Queen Margaret University","www.qmu.ac.uk","https://www.qmu.ac.uk/about-the-university/corporate-information/financial-statements/","https://www.qmu.ac.uk/media/jrvpm3m3/qmu-financial-statements-2023-signed.pdf","Edinburgh-based institution."
"University of the Highlands and Islands","www.uhi.ac.uk","https://www.uhi.ac.uk/en/about-uhi/governance/financial-statements/","https://www.uhi.ac.uk/en/t4-media/one-web/university/about-uhi/governance/docs/financial-statements/Financial-Statements-for-the-year-ended-31-July-2023.pdf","Unique collegiate partnership across the Highlands."
"St Mary's University, Twickenham","www.stmarys.ac.uk","https://www.stmarys.ac.uk/about/corporate-information/financial-statements","https://www.stmarys.ac.uk/about/docs/financial-statements/2022-23-annual-report.pdf","Catholic university in West London."
"Leeds Arts University","www.leeds-art.ac.uk","https://www.leeds-art.ac.uk/about-us/governance/financial-statements","https://www.leeds-art.ac.uk/media/3392/financial-statements-2022-23.pdf","Gained university status in 2017."
"Norwich University of the Arts","www.norwichuni.ac.uk","https://www.norwichuni.ac.uk/about-us/governance/financial-statements","https://www.norwichuni.ac.uk/app/uploads/2023/12/Annual-Report-and-Financial-Statements-Year-ended-31-July-2023.pdf","Recently rebranded to 'Norwich University of the Arts'."
"University of Bolton","www.bolton.ac.uk","https://www.bolton.ac.uk/about/governance/financial-statements","https://www.bolton.ac.uk/assets/Uploads/Financial-Statements-Year-Ended-31-July-2023.pdf","Known for its 'Teaching Intensive, Research Informed' strategy."
"University of Suffolk","www.uos.ac.uk","https://www.uos.ac.uk/about/governance/financial-statements","https://www.uos.ac.uk/sites/default/files/2023-12/Financial%20Statements%202022-23.pdf","One of the UK's newest universities."
"Wrexham University","www.wrexham.ac.uk","https://wrexham.ac.uk/about/governance/financial-statements/","https://wrexham.ac.uk/media/q5kfsd4w/annual-report-and-financial-statements-2022-23-english.pdf","Formerly Glynd≈µr University."
"Bishop Grosseteste University","www.bgu.ac.uk","https://www.bgu.ac.uk/about-bgu/governance/financial-statements","https://www.bgu.ac.uk/assets/files/Financial-Statements-2022-23.pdf","Located in Lincoln."
"London School of Hygiene & Tropical Medicine","www.lshtm.ac.uk","https://www.lshtm.ac.uk/aboutus/organisation/accounts","https://www.lshtm.ac.uk/sites/default/files/2023-12/Financial_Statements_2022-23.pdf","A specialist postgraduate medical institution."
"London Business School","www.london.edu","https://www.london.edu/about/governance/financial-statements","https://www.london.edu/-/media/files/about/governance/financial-statements/financial-statements-2023.pdf","Consistently ranked among the world's best business schools."
"Royal College of Art (RCA)","www.rca.ac.uk","https://www.rca.ac.uk/more/about-us/governance-strategy-and-finances/financial-statements/","https://www.rca.ac.uk/media/RCA_Financial_Statements_Year_Ended_31_July_2023.pdf","Post-graduate only art and design university."
"The Courtauld Institute of Art","courtauld.ac.uk","https://courtauld.ac.uk/about-us/governance/financial-statements/","https://courtauld.ac.uk/wp-content/uploads/2023/12/Financial-Statements-2022-23-Signed.pdf","A self-governing college of the University of London."
"Royal College of Music","www.rcm.ac.uk","https://www.rcm.ac.uk/about/governance/strategyandaccounts/","https://www.rcm.ac.uk/media/RCM%20Annual%20Report%20and%20Accounts%202022-2023.pdf","Located directly opposite the Royal Albert Hall."
"Royal Northern College of Music","www.rncm.ac.uk","https://www.rncm.ac.uk/about/governance/public-information/","https://www.rncm.ac.uk/uploads/RNCM_Financial_Statements_2022_-_23_signed.pdf","Leading conservatoire based in Manchester."
"Royal Conservatoire of Scotland","www.rcs.ac.uk","https://www.rcs.ac.uk/about-us/governance/financial-statements/","https://www.rcs.ac.uk/wp-content/uploads/2023/12/RCS-Annual-Report-and-Accounts-Year-Ended-31-July-2023-Signed.pdf","Formerly the Royal Scottish Academy of Music and Drama."
"University of Wales Trinity Saint David","www.uwtsd.ac.uk","https://www.uwtsd.ac.uk/finance/financial-statements/","https://www.uwtsd.ac.uk/media/uwtsd-website/content-assets/documents/finance/UWTSD-Group-Financial-Statements-2022-23-ENGLISH.pdf","Formed from the merger of Lampeter and Trinity Carmarthen."
"University of Buckingham","www.buckingham.ac.uk","https://www.buckingham.ac.uk/about/governance/accounts","https://www.buckingham.ac.uk/wp-content/uploads/2023/05/University-of-Buckingham-Financial-Statements-2022-signed.pdf","The oldest private university in the UK with a Royal Charter."
"Leeds Trinity University","www.leedstrinity.ac.uk","https://www.leedstrinity.ac.uk/about/public-information/financial-statements/","https://www.leedstrinity.ac.uk/media/site-assets/documents/key-documents/financial-statements/financial-statements-2023-24.pdf","Catholic foundation university in Horsforth."
"Birmingham Newman University","www.newman.ac.uk","https://www.newman.ac.uk/knowledge-base/financial-statements/","https://www.newman.ac.uk/wp-content/uploads/sites/10/2023/11/Financial-Statements-for-the-year-ended-31-July-2023-FINAL.pdf","Gained full university title in 2013."
"Plymouth Marjon University","www.marjon.ac.uk","https://www.marjon.ac.uk/about-marjon/governance-and-management/financial-statements/","https://www.marjon.ac.uk/about-marjon/governance-and-management/financial-statements/Annual-Report-and-Financial-Statements-Year-Ended-31-July-2023.pdf","Formerly the University of St Mark & St John."
"Hartpury University","www.hartpury.ac.uk","https://www.hartpury.ac.uk/about-us/governance-and-policies/financial-statements/","https://www.hartpury.ac.uk/media/s0inq0w1/financial-statements-2022-23-signed.pdf","Specialist provider of agriculture and sports education."
"University College Birmingham","www.ucb.ac.uk","https://www.ucb.ac.uk/about-us/governance/policies-and-procedures/","https://www.ucb.ac.uk/media/mfrphz4h/corporation-annual-report-and-financial-statements-for-year-ended-31-july-2023.pdf","Historically affiliated with the University of Birmingham."
"Ravensbourne University London","www.ravensbourne.ac.uk","https://www.ravensbourne.ac.uk/about-us/governance/financial-information","https://www.ravensbourne.ac.uk/sites/default/files/2024-03/Ravensbourne%20University%20London%20Financial%20Statements%2022-23%20Signed.pdf","Specialises in digital media and design."
"Trinity Laban Conservatoire","www.trinitylaban.ac.uk","https://www.trinitylaban.ac.uk/about-us/governance/accounts/","https://www.trinitylaban.ac.uk/wp-content/uploads/2023/12/Trinity-Laban-Financial-Statements-2022-23.pdf","Formed from Trinity College of Music and Laban Dance Centre."
"Guildhall School of Music & Drama","www.gsmd.ac.uk","https://www.gsmd.ac.uk/about-guildhall/governance/financial-statements","https://www.gsmd.ac.uk/sites/default/files/2024-02/Financial%20Statements%202022-23.pdf","Owned by the City of London Corporation."
"Liverpool Institute for Performing Arts","www.lipa.ac.uk","https://lipa.ac.uk/about-us/corporate-information/structure-and-governance/","https://lipa.ac.uk/wp-content/uploads/2024/01/LIPA-HE-Statutory-Accounts-2022-23-signed.pdf","Co-founded by Sir Paul McCartney."
"Health Sciences University","www.aecc.ac.uk","https://www.aecc.ac.uk/about/how-we-run/financial-statements/","https://www.aecc.ac.uk/media/1565/financial-statements-2022-23-final.pdf","Formerly AECC University College (Chiropractic)."
"Rose Bruford College","www.bruford.ac.uk","https://www.bruford.ac.uk/about/governance/","https://www.bruford.ac.uk/wp-content/uploads/2024/01/RBC-Financial-Statements-YE-31-July-2023_Signed.pdf","Specialist drama and performance college."
"Richmond American Univ. London","www.richmond.ac.uk","https://www.richmond.ac.uk/about-richmond/public-information/","https://www.richmond.ac.uk/wp-content/uploads/2024/02/RAUL-Annual-Report-and-Financial-Statements-30-June-2023-Signed.pdf","Offers dual US/UK accredited degrees."
"Writtle University College","www.writtle.ac.uk","https://writtle.ac.uk/Financial-Statements","https://writtle.ac.uk/pdfs/FinStat23.pdf","Note: Recently merged with Anglia Ruskin (ARU) but maintains archive."
"The Institute of Cancer Research","www.icr.ac.uk","https://www.icr.ac.uk/about-us/finance-and-governance/annual-report-and-financial-statements","https://www.icr.ac.uk/docs/default-source/about-us/annual-reports/icr-annual-report-and-financial-statements-2023.pdf","A college of the University of London."
"Arden University","www.arden.ac.uk","https://arden.ac.uk/about-us/policies-and-standards/governance","https://arden.ac.uk/sites/default/files/2024-05/Arden%20University%20Limited%20-%20Annual%20Report%20and%20Financial%20Statements%202023.pdf","For-profit private university."
"Glasgow School of Art","www.gsa.ac.uk","https://www.gsa.ac.uk/about-gsa/corporate-information/annual-reports-and-accounts/","https://www.gsa.ac.uk/media/2804580/gsa-annual-report-and-accounts-2022-23-signed.pdf","World-renowned art school in Scotland."
"Arts University Plymouth","www.aup.ac.uk","https://www.aup.ac.uk/about-us/governance/financial-statements","https://www.aup.ac.uk/sites/default/files/2024-01/Arts%20University%20Plymouth%20Financial%20Statements%202022-23.pdf","Formerly Plymouth College of Art; gained university title in 2022."
"BIMM University","www.bimm.ac.uk","https://www.bimm.ac.uk/governance-and-quality/","https://www.bimm.ac.uk/wp-content/uploads/2024/02/BIMM-University-Financial-Statements-2023.pdf","Originally the British and Irish Modern Music Institute."
"Royal Academy of Music","www.ram.ac.uk","https://www.ram.ac.uk/about-us/governance/financial-statements","https://www.ram.ac.uk/media/Financial-Statements-2022-23_signed.pdf","The oldest conservatoire in the UK."
"The University of Law","www.law.ac.uk","https://www.law.ac.uk/about/governance/","https://www.law.ac.uk/globalassets/13.-media--doc-repo/06.-about/governance/policies/uol-financial-statements-y.e.-30-november-2023.pdf","Private university; accounts often listed under general governance."
"Regent's University London","www.regents.ac.uk","https://www.regents.ac.uk/about/public-information","https://www.regents.ac.uk/sites/default/files/2024-03/RUL-Financial-Statements-Year-Ended-30-June-2023-signed.pdf","Private non-profit university located in Regent's Park."
"Royal Central School of Speech and Drama","www.cssd.ac.uk","https://www.cssd.ac.uk/about/governance/financial-statements","https://www.cssd.ac.uk/sites/default/files/2024-01/CSSD%20Financial%20Statements%202022-23%20Final%20Signed.pdf","Member institution of the University of London."
"Liverpool School of Tropical Medicine","www.lstmed.ac.uk","https://www.lstmed.ac.uk/about/governance/financial-statements","https://www.lstmed.ac.uk/sites/default/files/content/policies/LSTM%20Financial%20Statements%202022-23%20signed.pdf","Has its own degree-awarding powers separate from Univ. of Liverpool."
"University College of Estate Management","www.ucem.ac.uk","https://www.ucem.ac.uk/about-ucem/governance/financial-statements/","https://www.ucem.ac.uk/wp-content/uploads/2024/01/Financial-Statements-2022-23.pdf","Specialist provider of distance learning for the built environment."
"Northeastern University London","www.nulondon.ac.uk","https://www.nulondon.ac.uk/about-us/governance/public-information/","https://www.nulondon.ac.uk/wp-content/uploads/2024/01/NUL-Financial-Statements-2022-23.pdf","Formerly New College of the Humanities."
"Leeds Conservatoire","www.leedsconservatoire.ac.uk","https://www.leedsconservatoire.ac.uk/about-us/governance/financial-statements/","https://www.leedsconservatoire.ac.uk/media/14883/leeds-conservatoire-financial-statements-2022-23.pdf","Specialist music and performing arts conservatoire."
"Scotland's Rural College (SRUC)","www.sruc.ac.uk","https://www.sruc.ac.uk/about-sruc/governance-and-management/financial-statements/","https://www.sruc.ac.uk/media/4m5nz3q4/sruc-annual-report-and-accounts-2022-23.pdf","Specialist institution for the land-based sector in Scotland."
"Stranmillis University College","www.stran.ac.uk","https://www.stran.ac.uk/about-us/governance/corporate-governance/","https://www.stran.ac.uk/wp-content/uploads/2024/01/SUC-Annual-Report-and-Accounts-2022-23.pdf","A college of Queen's University Belfast."
"St Mary's University College Belfast","www.smucb.ac.uk","https://www.smucb.ac.uk/about/governance/key-documents/","https://www.smucb.ac.uk/wp-content/uploads/2024/02/Annual-Report-and-Financial-Statements-2022-23.pdf","Distinct from St Mary's Twickenham; located in Northern Ireland."
"National Film and Television School","www.nfts.co.uk","https://nfts.co.uk/reports-and-accounts","https://nfts.co.uk/sites/default/files/2023-08/NFTS%20Signed%20Accounts%20YE%2031%20December%202022.pdf","Highly prestigious film school based in Beaconsfield."
"Mountview Academy of Theatre Arts","www.mountview.org.uk","https://www.mountview.org.uk/about-us/governance/policies-and-documents/","https://www.mountview.org.uk/wp-content/uploads/2024/03/Mountview-Academy-of-Theatre-Arts-Financial-Statements-2023.pdf","One of the UK's leading drama schools."
"Northern School of Contemporary Dance","www.nscd.ac.uk","https://www.nscd.ac.uk/about-us/governance/financial-statements/","https://www.nscd.ac.uk/wp-content/uploads/2024/01/NSCD-Financial-Statements-2022-23.pdf","The only conservatoire for dance in England outside London."
"London Interdisciplinary School","www.lis.ac.uk","https://www.lis.ac.uk/governance","https://www.lis.ac.uk/wp-content/uploads/2024/02/LIS-Financial-Statements-2023.pdf","A new provider dedicated to interdisciplinary studies."
"NMITE","www.nmite.ac.uk","https://nmite.ac.uk/governance/corporate-information","https://nmite.ac.uk/sites/default/files/2024-01/NMITE_Annual_Report_Accounts_2022_23.pdf","New Model Institute for Technology and Engineering, Hereford."
"TEDI-London","www.tedi-london.ac.uk","https://tedi-london.ac.uk/about/governance/","https://tedi-london.ac.uk/wp-content/uploads/2024/01/TEDI-London-Financial-Statements-2023.pdf","Engineering partnership between ASU, King's College London, and UNSW."
"Dyson Institute of Engineering","www.dysoninstitute.com","https://www.dysoninstitute.com/about-us/regulatory-information/","https://www.dysoninstitute.com/media/1234/dyson-institute-financial-statements-2023.pdf","Located at the Dyson technology campus in Malmesbury."
"Royal Welsh College of Music & Drama","www.rwcmd.ac.uk","https://www.rwcmd.ac.uk/about-us/governance-and-policy","https://www.rwcmd.ac.uk/media/5416/financial-statements-2023.pdf","The National Conservatoire of Wales, located in Cardiff Castle grounds."
"The London Institute of Banking & Finance","www.libf.ac.uk","https://www.libf.ac.uk/about-us/governance-and-policies/annual-report-and-accounts","https://www.libf.ac.uk/docs/default-source/governance/annual-report-and-accounts-2023.pdf","Focuses on professional qualifications and degree programmes in finance."
"University College of Osteopathy","www.uco.ac.uk","https://www.uco.ac.uk/about-uco/governance/financial-statements","https://www.uco.ac.uk/sites/default/files/2024-01/UCO%20Financial%20Statements%202022-23.pdf","Formerly the British School of Osteopathy."
"Royal Academy of Dramatic Art (RADA)","www.rada.ac.uk","https://www.rada.ac.uk/about-us/governance/","https://www.rada.ac.uk/media/filestore/RADA_Annual_Report_and_Financial_Statements_2022-23.pdf","One of the oldest and most prestigious drama schools in the world."
"London Academy of Music & Dramatic Art (LAMDA)","www.lamda.ac.uk","https://www.lamda.ac.uk/about-us/governance-and-policies","https://www.lamda.ac.uk/sites/default/files/2024-01/LAMDA-Financial-Statements-2023.pdf","A founding member of the Federation of Drama Schools."
"Bristol Old Vic Theatre School","www.oldvic.ac.uk","https://www.oldvic.ac.uk/about-us/governance/","https://www.oldvic.ac.uk/wp-content/uploads/2024/01/BOVTS-Financial-Statements-2023.pdf","Affiliated with the University of the West of England (UWE)."
"Norland College","www.norland.ac.uk","https://www.norland.ac.uk/about/governance/","https://www.norland.ac.uk/wp-content/uploads/2024/01/Norland-College-Limited-Financial-Statements-2023.pdf","World-famous for training nannies and early years professionals."
"ICMP (Institute of Contemporary Music Performance)","www.icmp.ac.uk","https://www.icmp.ac.uk/about-icmp/corporate-information/financial-statements","https://www.icmp.ac.uk/sites/default/files/2024-01/ICMP-Financial-Statements-2023.pdf","An independent provider of music education in London."
"Bloomsbury Institute","www.bil.ac.uk","https://www.bil.ac.uk/about/governance/","https://www.bil.ac.uk/wp-content/uploads/2024/01/Bloomsbury-Institute-Financial-Statements-2023.pdf","Located in central London, formerly the London School of Business and Management."
"London School of Theology","www.lst.ac.uk","https://lst.ac.uk/about/governance/","https://lst.ac.uk/wp-content/uploads/2024/01/LST-Financial-Statements-2023.pdf","One of the largest evangelical theological colleges in Europe."
"Spurgeon's College","www.spurgeons.ac.uk","https://www.spurgeons.ac.uk/about-us/governance/","https://www.spurgeons.ac.uk/wp-content/uploads/2024/02/Spurgeons-College-Annual-Report-and-Accounts-2023.pdf","A specialist theological college in South London."
"Nazarene Theological College","www.nazarene.ac.uk","https://nazarene.ac.uk/about/governance/","https://nazarene.ac.uk/wp-content/uploads/2024/01/NTC-Financial-Statements-2023.pdf","Affiliated with the University of Manchester."
"Moorlands College","www.moorlands.ac.uk","https://www.moorlands.ac.uk/about-us/governance/","https://www.moorlands.ac.uk/wp-content/uploads/2024/01/Moorlands-College-Financial-Statements-2023.pdf","Based in Christchurch, Dorset."
"Oak Hill College","www.oakhill.ac.uk","https://www.oakhill.ac.uk/about-us/governance","https://www.oakhill.ac.uk/media/1234/financial-statements-2023.pdf","Theological college in North London."
"All Nations Christian College","www.allnations.ac.uk","https://www.allnations.ac.uk/about-us/governance","https://www.allnations.ac.uk/sites/default/files/2024-01/All-Nations-Financial-Statements-2023.pdf","Specialist mission training college in Hertfordshire."
"Regent's Park College, Oxford","www.rpc.ox.ac.uk","https://www.rpc.ox.ac.uk/about-regents/governance-and-policies/","https://www.rpc.ox.ac.uk/wp-content/uploads/2024/01/RPC-Financial-Statements-2023.pdf","A Permanent Private Hall (PPH) of the University of Oxford."
"Wycliffe Hall, Oxford","www.wycliffe.ox.ac.uk","https://www.wycliffe.ox.ac.uk/governance","https://www.wycliffe.ox.ac.uk/sites/default/files/2024-01/Wycliffe-Hall-Financial-Statements-2023.pdf","An Evangelical college and PPH of the University of Oxford."
"St Stephen's House, Oxford","www.ssho.ox.ac.uk","https://www.ssho.ox.ac.uk/about/governance/","https://www.ssho.ox.ac.uk/wp-content/uploads/2024/01/St-Stephens-House-Financial-Statements-2023.pdf","An Anglican theological college and PPH of Oxford."
"Sabhal M√≤r Ostaig","www.smo.uhi.ac.uk","https://www.smo.uhi.ac.uk/en/about-us/governance/","https://www.smo.uhi.ac.uk/wp-content/uploads/2024/01/SMO-Financial-Statements-2023.pdf","The National Centre for Gaelic Language and Culture, part of UHI."
"The Place (London Contemporary Dance)","www.theplace.org.uk","https://www.theplace.org.uk/about-us/governance","https://www.theplace.org.uk/media/files/The-Place-Financial-Statements-2023.pdf","Home to the London Contemporary Dance School."
"Rambert School","www.rambertschool.org.uk","https://www.rambertschool.org.uk/about-us/governance-policies/","https://www.rambertschool.org.uk/wp-content/uploads/2024/01/Rambert-School-Financial-Statements-2023.pdf","Specialises in both ballet and contemporary dance."
"Central School of Ballet","www.centralschoolofballet.co.uk","https://www.centralschoolofballet.co.uk/about-us/governance/","https://www.centralschoolofballet.co.uk/wp-content/uploads/2024/01/CSB-Financial-Statements-2023.pdf","Offers a foundation degree and BA in Professional Dance."
"National Centre for Circus Arts","www.nationalcircus.org.uk","https://www.nationalcircus.org.uk/about/governance/","https://www.nationalcircus.org.uk/wp-content/uploads/2024/01/NCCA-Financial-Statements-2023.pdf","Based in Shoreditch, London; a registered charity."
"West Dean College","www.westdean.ac.uk","https://www.westdean.ac.uk/about/policies-and-governance","https://www.westdean.ac.uk/media/1234/edward-james-foundation-annual-report-2023.pdf","Specialises in arts and conservation; part of the Edward James Foundation."
"MetFilm School","www.metfilmschool.ac.uk","https://www.metfilmschool.ac.uk/about/governance/","https://www.metfilmschool.ac.uk/wp-content/uploads/2023/08/MetFilm-School-Limited-Accounts-2022.pdf","Private film school based at Ealing Studios."
"The Northern School of Art","www.northernart.ac.uk","https://www.northernart.ac.uk/college-information/governance/financial-statements-and-policies","https://www.northernart.ac.uk/wp-content/uploads/2024/01/The-Northern-School-of-Art-Report-and-Financial-Statements-31-July-2023.pdf","The only specialist art and design college in the north of England."
"Morley College London","www.morleycollege.ac.uk","https://www.morleycollege.ac.uk/about/governance/policies-and-procedures/","https://www.morleycollege.ac.uk/wp-content/uploads/2024/01/Morley-College-Limited-Annual-Report-and-Financial-Statements-2022-23-Signed.pdf","A Specialist Designated Institution (SDI) for adult education."
"City Lit (The City Literary Institute)","www.citylit.ac.uk","https://www.citylit.ac.uk/about-us/governance/policies-and-reports","https://www.citylit.ac.uk/media/6456/city-lit-financial-statements-2022-23.pdf","London's largest provider of adult education; an SDI."
"Northern College","www.northern.ac.uk","https://www.northern.ac.uk/about-us/governance/financial-statements/","https://www.northern.ac.uk/wp-content/uploads/2024/01/Northern-College-Financial-Statements-2022-23-Signed.pdf","Residential adult education college based in Wentworth Castle."
"Fircroft College","www.fircroft.ac.uk","https://www.fircroft.ac.uk/governance","https://www.fircroft.ac.uk/write/MediaUploads/Governance/Annual_Report_and_Financial_Statements_year_ended_31_July_2023.pdf","A residential college for adult education in Birmingham."
"Newbold College of Higher Education","www.newbold.ac.uk","https://www.newbold.ac.uk/about/policies-key-documents/","https://www.newbold.ac.uk/wp-content/uploads/2023/06/Annual-Report-Financial-Statements-31-Dec-2022.pdf","Specialist provider affiliated with the Seventh-day Adventist Church."
"St Mellitus College","www.stmellitus.ac.uk","https://www.stmellitus.ac.uk/about-us/policies-and-governance","https://www.stmellitus.ac.uk/application/files/7717/0661/4249/SMC_Financial_Statements_22-23_signed.pdf","One of the largest theological colleges in the Anglican Communion."
"Cliff College","www.cliffcollege.ac.uk","https://www.cliffcollege.ac.uk/about/governance","https://www.cliffcollege.ac.uk/assets/files/Cliff-College-Financial-Statements-2022-23.pdf","Methodist evangelical theological college in Derbyshire."
"Union School of Theology","www.ust.ac.uk","https://www.ust.ac.uk/about/governance","https://www.ust.ac.uk/assets/documents/UST-Financial-Statements-2023.pdf","Formerly Wales Evangelical School of Theology (WEST)."
"The London School of Architecture","www.the-lsa.org","https://www.the-lsa.org/about/governance/","https://www.the-lsa.org/wp-content/uploads/2024/02/LSA-Annual-Accounts-2023.pdf","Independent school offering RIBA Part 2 qualifications."
"ICON College","www.iconcollege.ac.uk","https://www.iconcollege.ac.uk/public-information","https://www.iconcollege.ac.uk/uploads/files/Financial-Statements-2023.pdf","Specialises in Business, Computing, and Healthcare management."
"Mont Rose College","www.mrcollege.ac.uk","https://mrcollege.ac.uk/governance/","https://mrcollege.ac.uk/wp-content/uploads/2024/02/Mont-Rose-College-Financial-Statements-2023.pdf","Based in Ilford, offering HNDs and degrees."
"Fairfield School of Business","www.fsb.ac.uk","https://www.fsb.ac.uk/governance/","https://www.fsb.ac.uk/wp-content/uploads/2024/02/FSB-Financial-Statements-2023.pdf","Multiple campuses including Croydon and Digbeth."
"Nelson College London","www.nelsoncollege.ac.uk","https://nelsoncollege.ac.uk/about-us/governance/","https://nelsoncollege.ac.uk/wp-content/uploads/2024/01/NCL-Financial-Statements-2023.pdf","Specialises in career-focused higher education."
"Oxford Business College","www.oxfordbusinesscollege.ac.uk","https://www.oxfordbusinesscollege.ac.uk/about-us/governance-and-policies/","https://www.oxfordbusinesscollege.ac.uk/wp-content/uploads/2023/08/OBC-Financial-Statements-2022.pdf","Independent business school in Oxford."
"London School of Management Education","www.lsme.ac.uk","https://lsme.ac.uk/about-us/public-information","https://lsme.ac.uk/wp-content/uploads/2024/01/LSME-Financial-Statements-2023.pdf","Focuses on teacher training and business management."
"Leo Baeck College","www.lbc.ac.uk","https://www.lbc.ac.uk/about-us/governance/","https://www.lbc.ac.uk/wp-content/uploads/2024/01/LBC-Financial-Statements-2023.pdf","UK's only Progressive Jewish rabbinic seminary."
"Markfield Institute of Higher Education","www.mihe.ac.uk","https://www.mihe.ac.uk/governance/","https://www.mihe.ac.uk/wp-content/uploads/2024/02/MIHE-Financial-Statements-2023.pdf","Specialises in Islamic studies and education."
"ESCP Business School (London)","www.escp.eu","https://escp.eu/london-campus/governance","https://escp.eu/sites/default/files/2024-01/ESCP-Europe-Business-School-Financial-Statements-2023.pdf","The UK registered charity arm of the pan-European business school."
"The Institute of Ismaili Studies","www.iis.ac.uk","https://www.iis.ac.uk/about-us/governance/","https://www.iis.ac.uk/media/5p5l5j5k/iis-financial-statements-2023.pdf","Research institute located in the Aga Khan Centre, London."
"British College of Osteopathic Medicine","www.bcom.ac.uk","https://www.bcom.ac.uk/about-us/public-information/","https://www.bcom.ac.uk/wp-content/uploads/2024/01/BCOM-Financial-Statements-2023.pdf","Now works closely with the European School of Osteopathy."
"Futureworks","www.futureworks.ac.uk","https://futureworks.ac.uk/about/public-information/","https://futureworks.ac.uk/wp-content/uploads/2024/01/Futureworks-Financial-Statements-2023.pdf","Media and arts provider in Manchester."
"Academy of Live Technology","www.academyoflivetechnology.co.uk","https://www.academyoflivetechnology.co.uk/policies/","https://www.academyoflivetechnology.co.uk/media/1234/backstage-academy-financial-statements-2022.pdf","Formerly Backstage Academy; based on a production park."
"The Cambridge Theological Federation","www.theofed.cam.ac.uk","https://www.theofed.cam.ac.uk/about-us/governance/","https://www.theofed.cam.ac.uk/wp-content/uploads/2024/01/CTF-Financial-Statements-2023.pdf","An umbrella body for several theological houses in Cambridge."
"Hult International Business School","www.hult.edu","https://www.hult.edu/en/legal/educational-oversight/","https://www.hult.edu/media/1234/hult-uk-accounts-2022.pdf","US-accredited institution with a significant London campus."
"University for the Creative Arts (UCA)","www.uca.ac.uk","https://www.uca.ac.uk/about-us/corporate-information/financial-statements/","https://www.uca.ac.uk/globalassets/corporate-info/annual-accounts/uca-annual-report-and-accounts-2022-23-signed.pdf","The notable 'University' title holder missing from previous lists."
"Architectural Association (AA School)","www.aaschool.ac.uk","https://www.aaschool.ac.uk/about/governance","https://www.aaschool.ac.uk/assets/L/Lo/Loo/Look/Lookb/Lookbo/Lookboo/Lookbook/2024-01-30_AA_Consolidated_Financial_Statements_2023_S.pdf","The UK's oldest independent school of architecture."
"Amity University [in] London","www.amity.ac.uk","https://www.amity.ac.uk/about/governance","https://www.amity.ac.uk/pdf/Amity-Financial-Statement-2023.pdf","The UK campus of the non-profit Amity Education Group."
"Ruskin College","www.ruskin.ac.uk","https://www.ruskin.ac.uk/about-us/governance","https://www.ruskin.ac.uk/images/Ruskin_College_-_Signed_Financial_Statements_2023.pdf","Adult education college in Oxford with a history of labour movement ties."
"Sotheby's Institute of Art","www.sothebysinstitute.com","https://www.sothebysinstitute.com/london/governance-and-policies","https://www.sothebysinstitute.com/hubfs/SIA%20-%20London/Legal%20and%20Governance/SIA%20-%20Financial%20Statements%202022-23.pdf","Offers Master's degrees validated by the University of Manchester."
"Pearson College London (Escape Studios)","www.pearsoncollegelondon.ac.uk","https://www.pearsoncollegelondon.ac.uk/about-us/governance.html","https://www.pearsoncollegelondon.ac.uk/content/dam/pcl/pdfs/Governance/Financial-Statements-2022.pdf","Part of the FTSE 100 Pearson educational publishing group."
"SAE Institute UK","www.sae.edu/gbr","https://www.sae.edu/gbr/about/public-information/","https://www.sae.edu/gbr/wp-content/uploads/sites/20/2024/02/SAE-Education-Limited-Financial-Statements-2023.pdf","Specialist creative media provider with multiple UK campuses."
"Regents Theological College","www.regents-tc.ac.uk","https://www.regents-tc.ac.uk/about-us/governance/","https://www.regents-tc.ac.uk/wp-content/uploads/2024/01/Regents-Theological-College-Financial-Statements-2023.pdf","The training college for the Elim Pentecostal Church."
"The Islamic College","www.islamic-college.ac.uk","https://www.islamic-college.ac.uk/about/governance/","https://www.islamic-college.ac.uk/wp-content/uploads/2024/01/Islamic-College-Financial-Statements-2023.pdf","Offers degrees validated by Middlesex University."
"Luther King Centre","www.lutherking.ac.uk","https://www.lutherking.ac.uk/about-us/governance","https://www.lutherking.ac.uk/wp-content/uploads/2024/01/LKC-Financial-Statements-2023.pdf","Provider of theological education based in Manchester."
"Bristol Baptist College","www.bristol-baptist.ac.uk","https://www.bristol-baptist.ac.uk/about-us/governance/","https://www.bristol-baptist.ac.uk/wp-content/uploads/2024/01/Bristol-Baptist-College-Financial-Statements-2023.pdf","The oldest Baptist college in the world (founded 1679)."
"Scottish Baptist College","www.scottishbaptistcollege.org","https://www.scottishbaptistcollege.org/about/governance/","https://www.scottishbaptistcollege.org/wp-content/uploads/2024/01/SBC-Financial-Statements-2023.pdf","Located on the University of the West of Scotland (UWS) campus."
"Waverley Abbey College","www.waverleyabbeycollege.ac.uk","https://www.waverleyabbeycollege.ac.uk/about-us/policies/","https://www.waverleyabbeycollege.ac.uk/wp-content/uploads/2024/01/CWR-Financial-Statements-2023.pdf","The educational arm of CWR (Christian activity/retreats)."
"Christie's Education","www.christies.edu","https://www.christies.edu/london/policies","https://www.christies.edu/media/1234/christies-education-financial-statements-2023.pdf","Owned by the famous auction house; validated by the Open University."
"The Queen's Foundation","www.queens.ac.uk","https://www.queens.ac.uk/about-us/governance/","https://www.queens.ac.uk/wp-content/uploads/2024/01/Queens-Foundation-Financial-Statements-2023.pdf","Ecumenical theological college in Birmingham."
"Chickenshed","www.chickenshed.org.uk","https://www.chickenshed.org.uk/about-us/our-finances","https://www.chickenshed.org.uk/assets/Chickenshed-Annual-Report-and-Accounts-2023.pdf","Theatre company that also offers BA and MA courses."
"Westminster College, Cambridge","www.westminster.cam.ac.uk","https://www.westminster.cam.ac.uk/about-us/governance","https://www.westminster.cam.ac.uk/wp-content/uploads/2024/01/Westminster-College-Financial-Statements-2023.pdf","A resource centre for the United Reformed Church."
"London School of Science & Technology","www.lsst.ac","https://www.lsst.ac/about-us/governance/","https://www.lsst.ac/wp-content/uploads/2024/01/LSST-Financial-Statements-2023.pdf","Private provider with campuses in London, Birmingham and Luton."
"UK College of Business and Computing","www.ukcbc.ac.uk","https://ukcbc.ac.uk/about-us/governance/","https://ukcbc.ac.uk/wp-content/uploads/2024/01/UKCBC-Financial-Statements-2023.pdf","Offers HNDs and Top-up degrees."